player_name,player_id,player_nation
Aaron Addison,AD06,AUS
Aayush P Bhat,X518,USA
Abdullah Shelbayh,S0NV,JOR
Abdulrahman Al Janahi,A0GX,UAE
Abhishek Thorat,T0II,USA
Adam Farag Cao,F0H7,CAN
Adam Moundir,MP94,MAR
Adam Neff,N0BE,USA
Adam Walton,SR:COMPETITOR:227358,AUS
Adam Walton,W09E,AUS
Adhithya Ganesan,X512,USA
Aditya Vishal Balsekar,V0GI,IND
Adrian Andreev,A0AB,BUL
Adrian Mannarino,ME82,FRA
Adrian Menendez-Maceiras,MB53,ESP
Agustin Velotti,V620,ARG
Ahmani Guichard,900021,USA
Aidan Mayo,M0NB,USA
Aidan McHugh,M0CW,GBR
Ajeet Rai,R0DC,NZL
Akira Santillan,SQ80,AUS
Alafia Ayeni,A09P,USA
Alanis Hamilton,900020,USA
Alastair Gray,G0AO,GBR
Albano Olivetti,O411,FRA
Albert Ramos-Vinolas,R772,ESP
Alberto Barroso Campos,BU36,ESP
Aldin Setkic,SF41,BIH
Alec Deckers,D0D2,NED
Alejandro Davidovich Fokina,DH50,ESP
Alejandro Gonzalez,G892,COL
Alejandro Moro Canas,M0HT,ESP
Alejandro Tabilo,TE30,CHI
Aleksandar Kovacevic,K0AZ,USA
Aleksandar Vukic,V832,AUS
Aleksandr Nedovyesov,N503,KAZ
Alessandro Bega,BF98,ITA
Alessandro Giannessi,G983,ITA
Alex Bolt,BI81,AUS
Alex Hernandez,H0CD,MEX
Alex Lawson,L0AI,USA
Alex Marti Pujolras,M0EY,ESP
Alex Michelsen,M0QI,USA
Alex Molcan,MV14,SVK
Alex Rybakov,RG42,USA
Alex de Minaur,DH58,AUS
Alexandar Lazarov,LI39,BUL
Alexander Blockx,B0PG,BEL
Alexander Bublik,BK92,KAZ
Alexander Donski,DH46,BUL
Alexander Erler,E928,AUT
Alexander Razeghi,X509,USA
Alexander Ritschard,RC04,SUI
Alexander Sarkissian,SL07,USA
Alexander Shevchenko,S0H2,RUS
Alexander Weis,WB19,ITA
Alexander Zverev,Z355,GER
Alexandr Cozbinov,CJ60,MDA
Alexandre Muller,MP20,FRA
Alexei Popyrin,P09Z,AUS
Alexey Vatutin,V717,RUS
Alexey Zakharov,Z0AB,RUS
Alexis Galarneau,GK06,CAN
Alexis Gautier,GJ05,FRA
Alfie Hewett,H0CM,GBR
Alibek Kachmazov,K0E6,RUS
Aljaz Bedene,BH09,SLO
Allie Bittner,900049,USA
Altug Celikbilek,CH05,TUR
Alvaro Lopez San Martin,LF29,ESP
Alyssa Ahn,900057,USA
Andrea Arnaboldi,A622,ITA
Andrea Collarini,CC66,ARG
Andrea Pellegrino,PH64,ITA
Andrea Vavassori,VA08,ITA
Andreas Seppi,SA93,ITA
Andrej Martin,MF35,SVK
Andres Martin,M0NP,USA
Andrew Fenty,F0CK,USA
Andrew Harris,HB29,AUS
Andrey Chepelev,CO01,RUS
Andrey Golubev,G806,KAZ
Andrey Kuznetsov,KB54,RUS
Andrey Rublev,RE44,RUS
Andy Murray,MC10,GBR
Aniek Van Koot,900002,NED
Annika Penickova,900000,USA
Antoine Bellier,BP41,SUI
Antoine Escoffier,E768,FRA
Antoine Ghibaudo,G0IW,FRA
Antoine Hoang,HA71,FRA
Anton Matusevich,M0FA,GBR
Antonio Muniz Hidalgo,M0F1,ESP
Anya Murthy,900018,USA
Ariana Anazagasty-Pursoo,900014,USA
Arjun Kadhe,KD43,IND
Arslanbek Aitkulov,A0HP,KAZ
Arthur Cazaux,C0H0,FRA
Arthur De Greef,D981,BEL
Arthur Fery,F0DM,GBR
Arthur Fils,F0F1,FRA
Arthur Gea,G0IX,FRA
Arthur Rinderknech,RC91,FRA
Ashton Bowers,900016,USA
Aslan Karatsev,KC56,RUS
Aspen Schuman,900060,USA
Attila Balazs,BD80,HUN
August Holmgren,H09N,DEN
Ava Bruno,900045,USA
Ava Krug,900019,USA
Aziz Dougaz,DF88,TUN
Beibit Zhukayev,Z09Z,KAZ
Ben Bartram,X507,GBR
Ben Shelton,S0S1,USA
Benjamin Bonzi,BM95,FRA
Benjamin Hassan,HG94,LIB
Benjamin Kittay,K0HS,USA
Benjamin Lock,LC54,ZIM
Benjamin Torres,T0FN,CHI
Benoit Paire,PD31,FRA
Bernabe Zapata Miralles,Z419,ESP
Bernard Tomic,TA46,AUS
Billy Harris,HD68,GBR
Bjorn Fratangelo,F811,USA
Blake Mott,MM79,AUS
Blaz Kavcic,K834,SLO
Blaz Rola,RA51,SLO
Borna Coric,CG80,CRO
Borna Gojo,GH92,CRO
Botic van de Zandschulp,V812,NED
Bradley Klahn,KA98,USA
Brandon Holt,H09P,USA
Brandon Nakashima,N0AE,USA
Brandon Walkin,W738,AUS
Brayden Schnur,SP24,CAN
Brody Nejedly,X543,USA
Brooke Lynn Schafer,900037,USA
Bruno Kuzuhara,K0HN,USA
Bye,,
Caleb Chakravarthi,C0D4,USA
Calvin Baierl,X526,USA
Cameron Norrie,N771,GBR
Camilo Ugo Carabelli,U182,ARG
Cannon Kingsley,K0DB,USA
Carl Soderlund,SX81,SWE
Carlos Alcaraz,A0E2,ESP
Carlos Gimeno Valero,G0AV,ESP
Carlos Gomez-Herrera,G985,ESP
Carlos Taberner,TE16,ESP
Casper Ruud,RH16,NOR
Cedrik-Marcel Stebe,SK94,GER
Cem Ilkel,I306,TUR
Cengiz Aksu,A0AN,TUR
Charles Broom,BV21,GBR
Christian Harrison,HB05,USA
Christian Lindell,LA94,SWE
Christopher Eubanks,E865,USA
Christopher O'Connell,O483,AUS
Chun-Hsin Tseng,T0AP,
Chun-Hsin Tseng,T0AP,TPE
Clement Chidekh,C0BH,FRA
Clement Tabur,T09X,FRA
Clervie Ngounoue,900010,USA
Collin Altamirano,AC84,USA
Connor Church,X508,CAN
Constant Lestienne,LB66,FRA
Cooper Woestendick,W0DW,USA
Corentin Moutet,MW02,FRA
Cornelia Oosthuizen,900006,GBR
Cristian Garin,GD64,CHI
Cristian Rodriguez,R913,COL
Cyrus Mahjoob,X517,USA
Dalibor Svrcina,S0GD,CZE
Damien Wenger,W09B,SUI
Damir Dzumhur,D923,BIH
Dan Added,A09T,FRA
Dan Martin,M0C2,CAN
Dane Sweeny,S0IA,AUS
Daniel Altmaier,AE14,GER
Daniel Antonio Nunez,N0BU,CHI
Daniel Cox,CB14,GBR
Daniel Cukierman,CL82,ISR
Daniel Dutra da Silva,SG56,BRA
Daniel Elahi Galan,GE33,COL
Daniel Evans,E687,GBR
Daniel Little,L0EE,GBR
Daniel Masur,MN20,GER
Daniel Merida,M0N7,ESP
Daniel Michalski,M0E1,POL
Daniel Rincon,R0FP,ESP
Daniil Medvedev,MM58,RUS
Danilo Petrovic,PE02,SRB
Danny Yassine,X502,CAN
Darian King,KC86,BAR
David Goffin,GB88,BEL
Denis Istomin,I165,UZB
Denis Kudla,KB09,USA
Denis Shapovalov,SU55,CAN
Denis Yevseyev,Y171,KAZ
Dennis Novak,DB59,AUT
Denny Bao,X521,CAN
Derek Pham,SR:COMPETITOR:675135,AUS
Diede De Groot,900000,NED
Diego Hidalgo,H928,ECU
Diego Schwartzman,SM37,ARG
Dimitar Kuzmanov,KC33,BUL
Dino Prizmic,P0HW,CRO
Dmitry Popko,PG20,KAZ
Domagoj Biljesko,BM45,CRO
Dominic Stricker,S0LA,SUI
Dominic Thiem,TB69,AUT
Dominik Koepfer,KE73,GER
Donald Young,Y124,USA
Dragos Nicolae Madaras,MW54,SWE
Duckhee Lee,LE01,KOR
Dudi Sela,SC56,ISR
Duje Ajdukovic,A0CJ,CRO
Duncan Chan,C0OF,CAN
Dusan Lajovic,L987,SRB
Dustin Brown,BA65,JAM
Dylan Charlap,C0MZ,USA
Edan Leshem,LD26,ISR
Edoardo Lavagno,LI03,ITA
Eduard Esteve Lobato,E830,ESP
Eduardo Nava,N762,USA
Eduardo Ribeiro,R09V,BRA
Edward Winter,W0C4,AUS
Egor Gerasimov,GC89,RUS
Egor Gerasimov,GC89,BLR
Eliana Kook,900041,CAN
Elias Ymer,Y218,SWE
Eliot Spizzirri,S0JA,USA
Ellie Daniels,900024,CAN
Elliot Benchetrit,BT68,MAR
Elmar Ejupovic,E811,GER
Emil Ruusuvuori,RH24,FIN
Emilio Bravo,B0OP,MEX
Emilio Gomez,GA36,ECU
Emilio Nava,N0AM,USA
Emily Sartz-Lunde,900035,NOR
Enrico Dalla Valle,DG80,ITA
Enzo Couacaud,CG94,FRA
Ergi Kirkin,KI48,TUR
Ernesto Escobedo,E873,MEX
Ernests Gulbis,G858,LAT
Ethan Quinn,Q02L,USA
Evan Furness,FC26,FRA
Evan King,KB37,USA
Evan Zhu,Z09K,USA
Evgenii Tiurnev,TD47,RUS
Evgeny Donskoy,D864,RUS
Evgeny Karlovskiy,KD87,RUS
Fabian Marozsan,M0CI,HUN
Fabio Fognini,F510,ITA
Fabrizio Ornago,O423,ITA
Facundo Bagnis,BF23,ARG
Facundo Diaz Acosta,D0CG,ARG
Facundo Mena,MJ98,ARG
Federico Agustin Gomez,GJ16,ARG
Federico Coria,CE77,ARG
Federico Delbonis,D874,ARG
Federico Gaio,GB53,ITA
Feliciano Lopez,L397,ESP
Felipe Meligeni Alves,SR:COMPETITOR:121668,BRA
Felipe Meligeni Alves,MW75,BRA
Felix Auger-Aliassime,AG37,CAN
Felix Gill,G0EU,GBR
Fermin Tenti,T0AF,ARG
Fernando Romboli,R960,BRA
Fernando Verdasco,V306,ESP
Filip Cristian Jianu,J09X,ROU
Filip Horansky,HA28,SVK
Filip Krajinovic,KB05,SRB
Filip Misolic,M0JZ,AUT
Filippo Baldi,BM03,ITA
Filippo Moroni,M0GP,ITA
Finn Reynolds,R0CG,NZL
Flavio Cobolli,C0E9,ITA
Frances Tiafoe,TD51,USA
Francesco Cordova,X523,USA
Francesco Forti,F0A4,ITA
Francesco Maestrelli,M0IF,ITA
Francesco Passaro,P0CT,ITA
Francisco Cerundolo,C0AU,ARG
Francisco Comesana,C0DF,ARG
Franco Agamenone,AA27,ITA
Frederico Ferreira Silva,SN54,POR
Frederik Nielsen,N390,DEN
Gabriel Debru,D0HD,FRA
Gabriel Diallo,D0F6,CAN
Gael Monfils,MC65,FRA
Gage Brymer,BP44,USA
Gastao Elias,E698,POR
Gauthier Onclin,O0A2,BEL
Genaro Alberto Olivieri,O660,ARG
Geoffrey Blancaneaux,BU54,FRA
George Loffhagen,L0CF,GBR
George Loffhagen,SR:COMPETITOR:353550,GBR
Gerald Melzer,MI43,AUT
Gerardo Lopez Villasenor,LG87,MEX
Gian Marco Moroni,MP83,ITA
Gianluca Mager,ML57,ITA
Gianmarco Ferrari,F0CJ,ITA
Gijs Brouwer,BO10,NED
Giles Hussey,H0DC,GBR
Gilles Arnaud Bailly,B0QC,BEL
Gilles Simon,SD32,FRA
Giovanni Fonio,FC49,ITA
Giovanni Mpetshi Perricard,M0GZ,FRA
Giovanni Oradini,O639,ITA
Giulio Zeppieri,Z0A1,ITA
Go Soeda,SC47,JPN
Goncalo Oliveira,O482,POR
Gonzalo Escobar,E661,ECU
Gonzalo Lama,LB07,CHI
Gonzalo Villanueva,V821,ARG
Gordon Reid,X508,GBR
Govind Nanda,N0AL,USA
Gregoire Barrere,BK24,FRA
Grigor Dimitrov,D875,BUL
Grigoriy Lomakin,LG37,KAZ
Guido Andreozzi,A887,ARG
Guido Ivan Justo,J0AW,ARG
Guido Pella,PC11,ARG
Guilhem Laget,X509,FRA
Guilherme Clezar,CC32,BRA
Guillermo Garcia-Lopez,G476,ESP
Gustavo Fernandez,X500,ARG
Gustavo Heide,H0DU,BRA
Hady Habib,HF80,LIB
Hamad Medjedovic,M0JF,SRB
Hanu Patel,X507,USA
Hanwen Li,L0FW,CHN
Harold Mayot,M0G4,FRA
Harri Heliovaara,H808,FIN
Harry Bourchier,BJ05,AUS
Harry Wendelken,W0AH,GBR
Henri Laaksonen,L949,SUI
Henri Squire,S0AK,GER
Henrique Rocha,R0GO,POR
Henry Lamchinniah,L0GZ,AUS
Hernan Casanova,CG07,ARG
Hiroki Moriya,MI01,JPN
Holger Rune,R0DG,DEN
Hubert Hurkacz,HB71,POL
Hudson Rivera,R0FQ,USA
Hugo Dellien,DA31,BOL
Hugo Gaston,G09O,FRA
Hugo Grenier,GF95,FRA
Hugo Nys,N670,MON
Hyeon Chung,CH27,KOR
Illya Marchenko,ME89,UKR
Ilya Ivashka,I305,BLR
Ilya Ivashka,I305,RUS
Inaki Montes-De La Torre,M0NL,ESP
Isabella Chhiv,900051,USA
Issa Alharrasi,A0ID,QAT
Iva Jovic,900008,USA
Ivan Gakhov,GE28,RUS
Ivo Karlovic,K336,CRO
J.J. Wolf,W09G,USA
JC Aragone,AB71,USA
Jack Draper,D0CO,GBR
Jack Kennedy,X503,USA
Jack Pinnington Jones,P0HT,GBR
Jack Sock,SM25,USA
Jacopo Berrettini,BU10,ITA
Jaden Weekes,W0DP,CAN
Jagger Leach,X522,USA
Jaimee Floyd Angele,A0B6,FRA
Jakub Mensik,M0NI,CZE
Jakub Paul,P0D0,SUI
James Duckworth,D994,AUS
James McCabe,M0OQ,AUS
James Trotter,T0BW,JPN
James Ward,W503,GBR
Jan Choinski,CH12,GBR
Jan-Lennard Struff,SL28,GER
Jan-Michael Gambill,G352,USA
Jannik Maute,M0OW,GER
Jannik Sinner,S0AG,ITA
Jason Jung,J380,TPE
Jason Kubler,KB95,AUS
Jaume Munar,MU94,ESP
Javier Barranco Cosano,BV25,ESP
Jay Clarke,CI14,GBR
Jea Moon Lee,LB78,KOR
Jelle Sels,SO20,NED
Jenson Brooksby,B0CD,USA
Jeremy Chardy,CA12,FRA
Jeremy Jin,SR:COMPETITOR:754563,AUS
Jerko Brkic,B0LX,CRO
Jerome Kym,K0EP,SUI
Jesper de Jong,D0C1,NED
Jesse Levine,L799,CAN
Jessica Bernales,900039,USA
JiSung Nam,N652,KOR
Jiri Lehecka,L0BV,CZE
Jiri Vesely,V708,CZE
Jiske Griffioen,900003,NED
Jo-Wilfried Tsonga,T786,FRA
Joachim Gerard,X501,BEL
Joao Domingues,D985,POR
Joao Fonseca,F0FV,BRA
Joao Lucas Reis Da Silva,R0A7,BRA
Joao Menezes,MN70,BRA
Joao Sousa,SH90,POR
Joel Josef Schw√§rzler,S0WT,AUT
Johan Nikles,N830,SUI
Johannes Haerteis,HB31,GER
Johannus Monday,M0ON,GBR
John Isner,I186,USA
John Millman,MH30,AUS
John-Patrick Smith,SJ55,AUS
Jonas Forejtek,F0BT,CZE
Jonathan Mridha,MM78,SWE
Jordan Reznik,X525,USA
Jordan Thompson,TC61,AUS
Jordi Arconada,AD49,USA
Jorge Panta,PG56,PER
Joris De Loore,DA86,BEL
Joseph Oyebog Jr,X530,USA
Jozef Kovalik,KC04,SVK
Juan Bautista Torres,T0DM,ARG
Juan Carlos Aguilar,A09W,CAN
Juan Ignacio Londero,LB84,ARG
Juan Manuel Cerundolo,C0C8,ARG
Juan Martin del Potro,D683,ARG
Juan Pablo Ficovich,FA43,ARG
Juan Pablo Varillas,V836,PER
Juan Sebastian Gomez,GB41,COL
Julian Lenz,LB51,GER
Julian Ocleppo,O507,ITA
Julieta Pareja,900054,USA
Juncheng Shang,S0RE,CHN
Jurij Rodionov,R09X,AUT
Justin Boulais,B0F8,CAN
Kacper Zuk,Z09D,POL
Kaichi Uchida,U120,JPN
Kaitlin Quevedo,900009,USA
Kamil Majchrzak,MQ75,POL
Kareem Al Allaf,AG60,USA
Karen Khachanov,KE29,RUS
Karl Friberg,F09J,SWE
Kase Schinnerer,X529,USA
Kate Fakih,900032,USA
Kayla Chung,900050,USA
Kaylan Bigun,B0PW,USA
Keaton Hance,X533,USA
Keegan Rice,R0JI,CAN
Keegan Smith,S0DQ,USA
Kei Nishikori,N552,JPN
Kelsey Stevenson,SM18,CAN
Keshav Chopra,C0GG,USA
Kevin Anderson,A678,RSA
Kevin King,KB14,USA
Kilian Feldbausch,F0F4,SUI
Kimmer Coppejans,CG33,BEL
Kiranpal Pannu,P0ED,NZL
Kris Krawcewicz,KG50,AUT
Krish Arora,X536,USA
Kristina Penickova,900001,USA
Kuang Qing Xu,X01D,CAN
Kyle Edmund,E831,GBR
Kyle Seelig,SZ28,USA
Kyrian Jacquet,J0AZ,FRA
Lamine Ouahab,O207,MAR
Laslo Djere,DB63,SRB
Laurent Lokoli,LC12,FRA
Leandro Riedi,R0FS,SUI
Learner Tien,T0HA,USA
Leo Borg,B0JG,SWE
Leonardo Mayer,MD56,ARG
Lewie Lane,L0BY,GER
Li Tu,TC01,AUS
Liam Broady,BI23,GBR
Liam Draxl,D0DP,CAN
Liam Krall,K0IR,USA
Lizzy De Greef,900005,NED
Lloyd Harris,HG86,RSA
Lorenzo Giustino,GA79,ITA
Lorenzo Musetti,M0EJ,ITA
Lorenzo Sonego,SU87,ITA
Louis Wessels,WB25,GER
Luca Lemaitre,L0HN,MEX
Luca Nardi,N0BG,ITA
Luca Pow,P0JL,GBR
Luca Van Assche,V0DZ,FRA
Lucas Catarina,CN78,MON
Lucas Gerch,GF23,GER
Lucas Gomez,GC87,MEX
Lucas Miedler,MO55,AUT
Lucas Pouille,PF39,FRA
Luciano Darderi,D0FJ,ITA
Lucy Shuker,900004,GBR
Lui Maxted,M0NJ,GBR
Luis Carlos Alvarez,A0IY,MEX
Luis Patino,PE42,MEX
Lukas Klein,KI63,SVK
Lukas Lacko,L797,SVK
Lukas Neumayer,N0CS,AUT
Lukas Rosol,R685,CZE
Luke Bambridge,BK05,GBR
Luke Saville,SM09,AUS
Mackenzie McDonald,MK66,USA
Madison Keys,316959,USA
Maikel Scheffers,X506,NED
Malek Jaziri,J267,TUN
Manas Dhamne,D0JI,IND
Manish Sureshkumar,SY74,IND
Manuel Guinard,GH33,FRA
Marc Othman Ktiri,K0G8,ESP
Marc Polmans,PG94,AUS
Marc-Andrea Huesler,HH06,SUI
Marcelo Melo,M919,BRA
Marco Cecchinato,CF01,ITA
Marco Trungelliti,TA29,ARG
Marcos Giron,GC88,USA
Marek Gengel,G09C,CZE
Maren Urata,900046,USA
Mariano Kestelboim,KE69,ARG
Mariano Navone,N0BS,ARG
Marin Cilic,C977,CRO
Mario Vilella Martinez,V824,ESP
Marius Copil,CA99,ROU
Mariya Dobreva,900047,CAN
Mark Lajal,L0GH,EST
Mark Whitehouse,W716,GBR
Marko Miladinovic,M0CG,SRB
Marko Tepavac,TC11,SRB
Marko Topo,T0FI,GER
Markus Eriksson,E688,SWE
Marsel Ilhan,K771,TUR
Martin Damm,D0DT,USA
Martin De La Puente,X503,ESP
Martin Klizan,K966,SVK
Martin Landaluce,L0IL,ESP
Martina Marica,900034,USA
Marton Fucsovics,F724,HUN
Marvin Moeller,M0BN,GER
Mate Valkusz,VA70,HUN
Mateus Alves,D0AR,BRA
Mateusz Terczynski,TC46,POL
Matheus Pucinelli De Almeida,P0DF,BRA
Mathias Bourgue,BK19,FRA
Mathys Erhard,E0AC,FRA
Matias Franco Descotte,DB93,ARG
Matija Pecotic,PH42,CRO
Matisse Farzam,X537,USA
Mats Moraing,MJ71,GER
Mats Rosenkranz,RH62,GER
Matteo Arnaldi,A0FC,ITA
Matteo Berrettini,BK40,ITA
Matteo Gigante,G0GD,ITA
Matteo Martineau,MW76,FRA
Matteo Viola,V490,ITA
Matthew Christopher Romios,RH69,AUS
Matthew Ebden,E690,AUS
Matthew Forbes,X524,USA
Matthias Bachinger,BC65,GER
Mattia Bellucci,B0GG,ITA
Max Alcala Gurri,A0EA,ESP
Max Dahlin,D0I5,SWE
Max Hans Rehberg,R0ED,GER
Max Houkes,H0CX,NED
Max Purcell,PH71,AUS
Maxim Zhukov,Z0C3,RUS
Maxime Cressy,C0BC,USA
Maxime Janvier,J620,FRA
Maximilian Marterer,MN13,GER
Maximilian Neuchrist,N663,AUT
Maxwell Exsted,X516,USA
Maya Dutta,900044,USA
Maya Joint,900023,USA
Mayeul Darras,D0EG,FRA
Meecah Bigun,B0Q0,USA
Meera Jesudason,900053,USA
Mehdi Benchakroun,B0M1,MAR
Menelaos Efstathiou,EA31,CYP
Mert Naci Turker,TD49,TUR
Michael Geerts,GG65,BEL
Michael Mmoh,MP01,USA
Michael Vrbensky,V0B2,CZE
Michael Zheng,Z0BZ,USA
Michail Pervolarakis,PM13,GRE
Michel Vernier,V731,CHI
Miguel Tobon,T0I3,USA
Miguel Tobon,T0I3,COL
Mika Brunold,B0LW,SUI
Mika Ikemori,900055,USA
Mikael Torpegaard,TC12,DEN
Mikael Ymer,Y268,SWE
Mikhail Kukushkin,K926,KAZ
Mili Poljicak,P0GQ,CRO
Miliaan Niesten,N607,NED
Miljan Zekic,Z246,SRB
Milos Raonic,R975,CAN
Miomir Kecmanovic,KI95,SRB
Mirza Basic,BE67,BIH
Mischa Zverev,Z168,GER
Mitchell Krueger,KC12,USA
Mitchell Lee,X532,USA
Moerani Bouzige,B0EK,AUS
Moez Echargui,EA13,TUN
Mohamed Safwat,SK47,EGY
Mousa Shanan Zayed,Z367,QAT
Mubarak Shannan Zayid,AC39,QAT
Mubarak Zaid,Z344,QAT
Mukund Sasikumar,MP13,IND
Murphy Cassone,C0HT,USA
Nadia Lagaev,900007,CAN
Nathan Blokhin,X531,USA
Nathaniel Suh,X541,USA
Nerman Fatic,F840,BIH
Nicholas David Ionel,I0A7,ROU
Nick Chappell,CF10,USA
Nick Hardt,H0A4,DOM
Nick Kyrgios,KE17,AUS
Nico Langmann,L0GE,AUT
Nicola Kuhn,KI74,GER
Nicolas Alvarez,AC58,PER
Nicolas Alvarez Varona,A09U,ESP
Nicolas Barrientos,BC76,COL
Nicolas Jarry,J551,CHI
Nicolas Kicker,KC29,ARG
Nicolas Mahut,M873,FRA
Nicolas Mejia,M0AW,COL
Nicolas Moreno De Alboran,MW18,USA
Nikita Filin,X519,USA
Niklas Guttau,G0CI,GER
Nikola Djosic,D0JH,SUI
Nikola Milojevic,MM66,SRB
Nikola Parichkov,X540,USA
Nikolas Sanchez Izquierdo,S0GZ,ESP
Nikoloz Basilashvili,BG23,GEO
Nino Serdarusic,SP80,CRO
Noah Gabriel,G0LP,NED
Noah Johnston,X528,USA
Noah Rubin,RC96,USA
Norbert Gombos,GB93,SVK
Novak Djokovic,D643,SRB
Nuno Borges,BT72,POR
Oleksii Krutykh,K0DP,UKR
Oliver Bonding,X511,GBR
Oliver Crawford,C0AK,USA
Omar Alawadhi,A499,UAE
Omar Jasika,J553,AUS
Omni Kumar,K0EE,USA
Oriol Roca Batalla,RB60,ESP
Orlando Luz,LF26,BRA
Oscar Jose Gutierrez,GC17,BRA
Oscar Manuel Sanchez Hirales,S0S4,MEX
Oscar Moraing,M0ES,GER
Oscar Otte,O449,GER
Otto Virtanen,V0AM,FIN
Pablo Andujar,A596,ESP
Pablo Carreno Busta,CD85,ESP
Pablo Cuevas,C882,URU
Pablo Llamas Ruiz,L0CX,ESP
Paolo Lorenzi,L503,ITA
Parashar Bhardwaj,X542,USA
Paris Pouatcha,X506,USA
Patrick Kypson,SR:COMPETITOR:234046,USA
Patrick Kypson,K0A3,USA
Paul Ender,E0DC,AUT
Paul Jubb,J0A4,GBR
Pavel Kotov,K09F,RUS
Pedja Krstin,KD70,SRB
Pedro Araujo,A0ES,POR
Pedro Cachin,CG04,ARG
Pedro Martinez,MO44,ESP
Pedro Sakamoto,SL94,BRA
Pedro Sousa,S483,POR
Peter Gojowczyk,G967,GER
Peter Polansky,PB22,CAN
Petr Nesterov,N0CJ,BUL
Petros Tsitsipas,TG77,GRE
Philip Florig,F0FF,GER
Philip Sekulic,S0TI,AUS
Philipp Kohlschreiber,K435,GER
Pierre-Hugues Herbert,H996,FRA
Piper Charney,900025,USA
Pol Martin Tiffon,M0EA,ESP
Prajnesh Gunneswaran,GA94,IND
Qavia Lopez,900013,USA
Quentin Halys,HB64,FRA
Quinn Vandecasteele,V0DG,USA
Rachel Lee,900056,USA
Radu Albot,A829,MDA
Rafael Matos,MO41,BRA
Rafael Nadal,N409,ESP
Ramkumar Ramanathan,RB56,IND
Raphael Collignon,C0JP,BEL
Raphaelle Leroux,900043,CAN
Raul Brancaccio,BV24,ITA
Raymond Sarmiento,SL09,USA
Reda Bennani,B0PU,MAR
Reilly Opelka,O522,USA
Renta Tokuda,TD55,JPN
Renzo Olivo,O376,ARG
Ricardas Berankis,BE90,LTU
Ricardo Rodriguez - Pace,RB00,VEN
Riccardo Bonadio,BI47,ITA
Richard Gasquet,G628,FRA
Rinky Hijikata,H0BH,AUS
Rio Noguchi,N09U,JPN
Robert Galloway,G09V,USA
Roberto Bautista Agut,BD06,ESP
Roberto Carballes Baena,CF59,ESP
Roberto Cid Subervi,CF88,DOM
Roberto Marcora,MJ01,ITA
Roberto Ortega-Olmedo,O340,ESP
Roberto Quiroz,Q941,ECU
Robin Haase,H756,NED
Rodrigo Pacheco Mendez,P0J1,MEX
Roger Federer,F324,SUI
Rohan Belday,X520,USA
Rohan Bopanna,B757,IND
Romain Arneodo,AA81,MON
Roman Safiullin,SX50,RUS
Roy Hobbs,HA90,SGP
Roy Horovitz,X510,USA
Ruben Bemelmans,BE54,BEL
Ruben Spaargaren,X502,NED
Rubin Statham,SF89,NZL
Rudolf Molleker,M0AC,GER
Rudy Quan,Q02O,USA
Ryan Colby,C0KV,USA
Ryan Harrison,H940,USA
Ryan Nijboer,N0B4,NED
Ryan Peniston,PH78,GBR
Ryota Tanuma,TG46,JPN
Sadio Doumbia,D917,FRA
Sahana Sanjeev,900004,USA
Salvatore Caruso,CE25,ITA
Sam Querrey,Q927,USA
Sam Riffice,R0A5,USA
Samir Banerjee,B0I6,USA
Sandro Ehrat,E780,SUI
Santiago Rodriguez Taverna,RH59,ARG
Sascha Gueymard Wayenburg,G0GW,FRA
Sean Cuenin,C0JX,FRA
Sebastian Baez,B0BI,ARG
Sebastian Fanselow,F664,GER
Sebastian Korda,K0AH,USA
Sebastian Ofner,O513,AUT
Sebastian Sec,S0TW,USA
Sekou Bangoura,BH02,USA
Seong-chan Hong,HC21,KOR
Seongchan Hong,HC21,KOR
Sergiy Stakhovsky,SC77,UKR
Shaheed Alam,A0CG,SGP
Shannon Lam,900038,USA
Shintaro Imai,I330,JPN
Shintaro Mochizuki,M0HU,JPN
Sho Shimabukuro,SY67,JPN
Sidane Pontjodikromo,P0BE,NED
Sidharth Rawat,RB86,IND
Simon Anthony Ivanov,I427,BUL
Simon Carr,CO11,IRL
Simon Freund,FA69,SWE
Skander Mansouri,ML73,TUN
Sloane Stephens,315683,USA
Soonwoo Kwon,KF17,KOR
Stan Wawrinka,W367,SUI
Stefan Kozlov,KE64,USA
Stefan Regalia,X505,USA
Stefano Napolitano,N679,ITA
Stefano Travaglia,TA12,ITA
Stefanos Tsitsipas,TE51,GRE
StephanePierre Kamendje,X501,CAN
Stephanie Yakoff,900002,USA
Steve Johnson,J386,USA
Steven Diez,D916,CAN
Stiles Brockett,X514,USA
Strong Kirchheimer,KG27,USA
Stuart Parker,P0BK,GBR
Sumit Nagal,N897,IND
Susanna Maltby,900059,USA
Takuya Miki,X504,JPN
Tallon Griekspoor,GJ37,NED
Taro Daniel,DA81,JPN
Tatsuma Ito,I230,JPN
Tatum Evans,900012,USA
Taylor Fritz,FB98,USA
Teah Chavez,900042,CAN
Tennys Sandgren,SL08,USA
Terence Atmane,A0GC,FRA
Teymuraz Gabashvili,G681,RUS
Thai-Son Kwiatkowski,KD35,USA
Thanasi Kokkinakis,KD46,AUS
Thea Frodin,900052,USA
Theadora Rabman,900017,USA
Thiago Agustin Tirante,T0A1,ARG
Thiago Monteiro,MJ08,BRA
Thiago Seyboth Wild,SX91,BRA
Thijmen Loof,L0FV,NED
Thomas Fabbiano,F586,ITA
Thomas Fancutt,FA50,AUS
Thomaz Bellucci,BD20,BRA
Tiago Cacao,CN88,POR
Tianmei Wang,900006,USA
Tim Puetz,PC68,GER
Tim van Rijthoven,V942,NED
Timo Legout,L0ER,FRA
Timofey Skatov,S0GR,KAZ
Titouan Droguet,D0DW,FRA
Tobias Kamke,K839,GER
Toby Kodat,K0EU,USA
Toby Samuel,S0TM,GBR
Togan Tokac,T0FL,TUR
Tom Egberink,X505,NED
Tomas Barrios Vera,BS86,CHI
Tomas Machac,M0FH,CZE
Tomas Martin Etcheverry,EA24,ARG
Tommy Paul,PL56,USA
Tommy Robredo,R419,ESP
Treat Huey,H788,PHI
Trent Bryde,B09A,USA
Trevor Svajda,S0VM,USA
Tristan Boyer,B0EJ,USA
Tristan Lamasine,LC11,FRA
Tristan Schoolkate,S0N0,AUS
Tristan Stringer,X515,USA
Tung-Lin Wu,W857,
Tung-Lin Wu,W857,TPE
Tygen Goldammer,X504,USA
Tyra Caterina Grant,900026,USA
Ugo Blanchet,BV16,FRA
Ugo Humbert,HH26,FRA
Ulises Blanch,BV27,USA
Umut Akkoyun,A09R,TUR
Vaclav Safranek,SN77,CZE
Valentin Vacherot,VA25,MON
Valerie Glozman,900003,USA
Vasek Pospisil,PD07,CAN
Victor Lilov,L0G8,USA
Victoria Osuigwe,900029,USA
Viktor Durasovic,DC76,NOR
Viktor Galovic,GB61,CRO
Viktor Troicki,T840,SRB
Vit Kopriva,KI82,CZE
Vitaliy Sachko,SS25,UKR
Vladyslav Orlov,O659,UKR
Walid Ahouda,A0EY,MAR
William Blumberg,BT45,USA
William Jansen,J0CT,GBR
XXXXXX De Jong,D0DS,NED
Yan Bondarevskiy,BV19,RUS
Yannick Hanfmann,H997,GER
Yannick Maden,MH16,GER
Yannick Mertens,MG08,BEL
Yaroslav Demin,D0I6,RUS
Yasutaka Uchiyama,U134,JPN
Yen-Hsun Lu,L575,TPE
Yibing Wu,WB32,CHN
Yoshihito Nishioka,N732,JPN
Yosuke Watanuki,WB08,JPN
Younes Lalami Laaroussi,L0CK,MAR
Yshai Oliel,O674,ISR
Yu Hsiou Hsu,H09F,
Yui Kamiji,900001,JPN
Yuichi Sugita,SE73,JPN
Yuki Bhambri,BF55,IND
Yuki Mochizuki,M0B2,JPN
Yun seong Chung,CH90,KOR
Yunchaokete Bu,Y09V,CHN
Yunseong Chung,CH90,KOR
Yusuke Takahashi,TF58,JPN
Yuta Shimizu,S0AQ,JPN
Zachary Svajda,S0K7,USA
Zane Khan,K0EQ,USA
Zdenek Kolar,KH56,CZE
Zhe Li,L733,CHN
Zhizhen Zhang,Z371,CHN
Zizou Bergs,BU13,BEL
Zsombor Piros,P09O,HUN
